customer_id,last_name,first_name,middle_name,phone_number,birth_dt,address
10760,Пантелеев,Макар,Александрович,897935,1997-10-16,Люберцы
45933,Толкачева,Амелия,Тимофеевна,852832,1948-10-11,Грозный
46175,Сергеева,Ксения,Захаровна,861185,1946-05-29,Новошахтинск
91618,Михайлова,Кристина,Андреевна,852956,1940-04-18,Нальчик
105077,Сидоров,Евгений,Дмитриевич,846586,1961-03-17,Абакан
106946,Мартынов,Лев,Данильевич,840652,1977-03-20,Златоуст
113347,Беликова,Вера,Александровна,893237,1969-01-15,Черкесск
161844,Зайцева,Елизавета,Леоновна,879781,1960-02-12,Зеленодольск
207098,Виноградова,Ева,Давидовна,804417,1940-07-06,Минеральные Воды
209740,Романов,Арсений,Платонович,895887,1987-07-21,Владикавказ
219455,Самойлов,Ярослав,Владиславович,879407,1951-06-26,Железногорск (Курская область)
252143,Хохлова,Мирослава,Матвеевна,826156,1978-02-09,Саров
258432,Чернов,Владимир,Романович,856417,1999-02-12,Архангельск
263450,Дроздов,Богдан,Демидович,801496,1943-08-15,Евпатория
269301,Исаев,Эрик,Иванович,886062,1945-12-13,Балашов
271207,Селиванова,Елизавета,Матвеевна,862885,2001-11-05,Южно-Сахалинск
288916,Зверев,Тимофей,Ростиславович,864328,1978-05-23,Рыбинск
323076,Алексеев,Макар,Артёмович,801799,1962-03-01,Домодедово
327660,Иванов,Вадим,Львович,889948,1978-01-09,Сызрань
339581,Панин,Алексей,Владиславович,883332,1968-05-22,Александров
380443,Михайлова,Николь,Кирилловна,851869,1996-05-20,Всеволожск
398880,Широкова,София,Николаевна,854632,1961-02-09,Михайловск (Ставропольский край)
400916,Соловьева,Кира,Михайловна,839640,1948-12-23,Ессентуки
404164,Ананьев,Демид,Матвеевич,899795,1987-11-01,Брянск
436078,Овчинникова,Ульяна,Марковна,828072,2000-05-30,Бугульма
449278,Старостина,Мария,Михайловна,809227,1972-01-22,Стерлитамак
455715,Смирнов,Богдан,Елисеевич,866323,1952-06-04,Тюмень
517697,Виноградов,Павел,Всеволодович,822866,1974-10-25,Краснодар
553536,Соловьева,Маргарита,Ивановна,810454,1964-12-20,Альметьевск
563853,Игнатьева,Мия,Кирилловна,805606,1954-02-15,Кызыл
581451,Попова,Ульяна,Ивановна,813260,1957-04-06,Саратов
687924,Михеева,Мария,Всеволодовна,803611,1979-09-10,Коломна
712982,Малинина,Вера,Давидовна,876601,1990-11-21,Усть-Илимск
816871,Ершова,Алиса,Ильинична,809122,1986-02-14,Дербент
818921,Сидоров,Юрий,Платонович,823911,1973-01-19,Долгопрудный
865084,Давыдова,Ева,Максимовна,836358,1959-01-03,Челябинск
935381,Иванова,Мария,Савельевна,807237,1943-07-31,Нижний Новгород
948334,Васильев,Владислав,Захарович,861960,2003-02-02,Чистополь
950760,Тихонов,Никита,Гордеевич,827030,1953-02-25,Рославль
953082,Максимов,Артём,Львович,803373,2001-07-04,Ярославль
961260,Афанасьев,Виктор,Артёмович,847710,1979-07-07,Дмитров
972383,Петров,Егор,Дмитриевич,885503,1983-05-17,Вязьма
983084,Федорова,София,Александровна,858695,1941-12-21,Балашов
1034078,Юдина,Анастасия,Алиевна,836997,1995-03-03,Балаково
1072587,Котов,Игорь,Дмитриевич,893081,1989-11-27,Бор
1082513,Дорофеев,Никита,Матвеевич,852158,1958-01-06,Тула
1083562,Яшин,Даниил,Маркович,830878,1996-04-10,Нижневартовск
1086528,Герасимов,Дмитрий,Семёнович,811317,1975-11-18,Березники
1089729,Андреев,Станислав,Владиславович,874610,1974-09-30,Волгоград
1097897,Царев,Максим,Маркович,884658,1959-05-02,Туймазы
1105318,Воробьев,Арсен,Михайлович,831642,1991-11-08,Калуга
1125364,Нестерова,Алина,Захаровна,869079,1999-10-31,Иваново
1125538,Казакова,Алиса,Мироновна,803438,1978-07-11,Ревда
1156414,Бородин,Руслан,Иванович,811046,1946-06-23,Сергиев Посад
1220217,Назарова,Александра,Андреевна,883036,1977-10-15,Балаково
1233520,Жуков,Сергей,Данилович,824260,1990-09-27,Элиста
1278173,Калашников,Демид,Андреевич,868850,1949-03-08,Махачкала
1291926,Попов,Константин,Платонович,893884,1944-11-12,Елабуга
1322312,Лаптев,Ян,Кириллович,899993,1975-12-19,Ржев
1334341,Филиппов,Алексей,Григорьевич,884280,1972-04-02,Видное
1336205,Михеева,Лидия,Германовна,897717,1945-09-16,Златоуст
1338867,Белов,Артур,Святославович,818678,1952-07-29,Усолье-Сибирское
1388281,Андреева,Софья,Руслановна,815969,1943-12-05,Ангарск
1432858,Макарова,Анна,Георгиевна,863409,1977-09-16,Обнинск
1436524,Соколова,Виктория,Данииловна,829163,1951-06-26,Кострома
1469502,Парамонова,Елизавета,Филипповна,877561,1996-06-07,Барнаул
1484345,Морозов,Алексей,Русланович,825083,1958-09-30,Щекино
1559089,Белоусова,Василиса,Гордеевна,802956,1963-05-01,Ангарск
1587527,Рыбакова,Елизавета,Данииловна,859059,1942-12-14,Димитровград
1644687,Ефремов,Матвей,Маркович,853102,1991-05-25,Черногорск
1678715,Борисов,Александр,Никитич,890445,1957-10-19,Жуковский
1698098,Никифоров,Глеб,Всеволодович,812392,1944-12-08,Бийск
1746162,Смирнов,Родион,Даниилович,819286,1949-01-10,Туапсе
1757142,Бирюкова,Александра,Захаровна,834705,1993-03-25,Батайск
1759350,Пименов,Даниил,Глебович,810592,1945-09-12,Гудермес
1768745,Рогова,Милана,Андреевна,836834,1961-10-12,Шадринск
1788676,Чернов,Алексей,Степанович,862037,1943-04-21,Ишим
1806908,Новиков,Вадим,Маркович,818287,1989-09-09,Волжский
1825752,Андреева,Ольга,Александровна,837821,1967-04-30,Озерск (Челябинская область)
1827107,Евдокимова,Алиса,Мироновна,838513,1970-10-21,Выкса
1838335,Абрамова,Вера,Марковна,881695,1977-12-05,Железногорск (Красноярский край)
1860821,Федоров,Илья,Никитич,824973,1953-03-21,Шуя
1908237,Ильинский,Кирилл,Фёдорович,831991,1964-11-01,Бугульма
1916207,Наумова,Дарья,Ивановна,838884,1987-04-26,Верхняя Пышма
1917173,Носова,Екатерина,Святославовна,814486,1945-05-27,Раменское
1918693,Климова,Татьяна,Егоровна,804474,1948-01-18,Сургут
1928249,Орлов,Сергей,Максимович,869941,1950-08-23,Владимир
1939578,Воробьева,Екатерина,Юрьевна,886463,1972-04-22,Брянск
1947571,Алексеева,Мария,Максимовна,865697,1991-07-22,Березовский (Свердловская область)
2033294,Михайлов,Дмитрий,Владимирович,815936,1946-01-05,Кириши
2039915,Михайлова,Амина,Тимуровна,872333,1942-04-29,Северск
2067146,Сергеев,Михаил,Филиппович,876231,1988-03-21,Волжский
2073967,Касаткина,Софья,Борисовна,813110,1941-12-04,Сергиев Посад
2080808,Андреева,Мария,Андреевна,846468,1951-01-23,Березники
2102900,Дружинина,София,Глебовна,851387,1965-06-08,Лыткарино
2122115,Горбачев,Антон,Денисович,843683,1959-01-20,Чистополь
2125342,Козловский,Роберт,Петрович,893189,1942-07-29,Минусинск
2130937,Исаев,Эрик,Александрович,863260,1983-11-16,Асбест
2140545,Лаврентьев,Григорий,Дмитриевич,876440,1954-05-28,Лениногорск
2181414,Королева,Алия,Матвеевна,813142,1968-04-17,Всеволожск
2193120,Казаков,Матвей,Михайлович,893340,2002-09-14,Нефтеюганск
2215761,Моргунова,Анна,Александровна,891347,1959-11-20,Владикавказ
2227895,Антонов,Дмитрий,Артёмович,840300,1989-06-15,Лесосибирск
2239595,Софронова,Полина,Олеговна,828315,1993-06-04,Киселевск
2250569,Владимирова,Полина,Дмитриевна,824766,1971-12-17,Северодвинск
2363205,Майорова,Алиса,Фёдоровна,835773,1994-05-01,Симферополь
2365208,Марков,Ярослав,Филиппович,868862,1965-01-29,Ростов-на-Дону
2407002,Кудрявцева,Анастасия,Яновна,883362,1991-07-23,Усть-Илимск
2437302,Петрова,Елизавета,Владимировна,855922,1987-07-14,Черногорск
2456567,Данилов,Василий,Даниилович,800130,2002-09-06,Тольятти
2466608,Яковлев,Михаил,Даниилович,829775,1969-01-30,Черкесск
2471692,Исаев,Мирон,Андреевич,813629,1960-05-31,Тихвин
2491745,Орлов,Давид,Андреевич,874478,1968-12-04,Борисоглебск
2498535,Черных,Вероника,Александровна,860093,1991-12-31,Когалым
2516946,Зубова,Виктория,Николаевна,809312,1967-08-25,Белореченск
2522296,Васильев,Михаил,Андреевич,892281,1945-02-27,Электросталь
2523079,Григорьева,Софья,Ильинична,887487,1991-04-02,Воскресенск
2546847,Андреева,Нина,Ильинична,837857,1949-06-15,Кстово
2551848,Завьялова,Мария,Романовна,826349,1966-01-10,Усолье-Сибирское
2565819,Воробьева,Анастасия,Ивановна,835837,1982-08-20,Краснотурьинск
2576384,Горбачева,Милана,Михайловна,867269,1946-02-27,Сертолово
2627693,Грачев,Максим,Александрович,848068,1990-11-09,Черемхово
2627864,Леонтьева,Мария,Захаровна,829131,1943-04-11,Рубцовск
2649465,Соколов,Михаил,Ильич,824148,1978-12-20,Кинешма
2654849,Осипов,Владислав,Демьянович,851808,1951-09-22,Уфа
2733795,Исаев,Фёдор,Демидович,812697,1982-04-09,Видное
2740696,Юдина,Оливия,Владимировна,878079,1957-10-26,Борисоглебск
2769270,Васильева,Яна,Михайловна,889387,1946-08-03,Екатеринбург
2794874,Лукьянова,София,Егоровна,872297,1953-11-07,Железногорск (Красноярский край)
2839353,Крюков,Кирилл,Александрович,876822,1996-06-07,Буденновск
2840310,Гришин,Савелий,Денисович,800604,1997-07-22,Щелково
2841676,Кузнецов,Павел,Александрович,845793,1966-03-07,Чапаевск
2863917,Белова,Полина,Андреевна,886551,1964-06-12,Ставрополь
2893413,Степанов,Алексей,Русланович,858662,1976-10-12,Керчь
2903945,Виноградов,Дмитрий,Константинович,862622,1961-12-21,Мелеуз
2911210,Антипов,Алексей,Андреевич,878137,1953-01-12,Заречный
2912609,Александрова,Камилла,Арсеновна,843353,1958-05-02,Полевской
2929238,Прохорова,Алёна,Кирилловна,837263,1953-11-15,Бердск
2951321,Гончарова,Варвара,Александровна,864091,1946-10-18,Йошкар-Ола
2962652,Мальцев,Александр,Максимович,874836,1973-10-29,Вольск
2968078,Максимова,Мирослава,Артёмовна,847704,1976-04-26,Стерлитамак
2996899,Черняева,Милана,Алексеевна,821460,1966-10-15,Фрязино
3073231,Егорова,Амина,Григорьевна,848560,1952-04-20,Энгельс
3097030,Семенов,Александр,Михайлович,891020,1962-10-08,Одинцово
3098667,Богомолов,Святослав,Адамович,819762,1978-04-24,Артем
3112132,Барсуков,Дмитрий,Александрович,858377,1962-03-21,Солнечногорск
3163123,Кузнецова,Надежда,Владимировна,897968,1954-01-16,Южно-Сахалинск
3164033,Беляев,Владимир,Артёмович,814178,1943-12-01,Михайловка
3164493,Родионова,Маргарита,Сергеевна,852241,2000-06-12,Волжск
3187128,Щербаков,Александр,Богданович,816664,1969-11-17,Братск
3187735,Ширяева,Анна,Богдановна,802957,1995-01-04,Мытищи
3197234,Абрамов,Иван,Владиславович,845041,1983-06-24,Чебоксары
3205971,Лыкова,Виктория,Егоровна,847270,1953-05-15,Гусь-Хрустальный
3210571,Панфилов,Егор,Даниилович,824945,1988-09-14,Ставрополь
3223560,Власова,Арина,Никитична,804783,2003-02-05,Балахна
3232209,Петрова,Мария,Мироновна,885271,1958-01-02,Евпатория
3237649,Крюкова,Софья,Дмитриевна,805284,1974-08-11,Юрга
3258133,Егорова,Екатерина,Глебовна,850819,1998-11-17,Томск
3269950,Полякова,Малика,Кирилловна,818878,1947-02-25,Гудермес
3277864,Белов,Артур,Даниилович,876545,1975-06-20,Воркута
3286151,Виноградова,Софья,Егоровна,881577,1957-03-16,Таганрог
3287460,Александров,Евгений,Егорович,832355,1972-04-06,Вологда
3316103,Петрова,Василиса,Романовна,877239,1965-07-01,Самара
3318448,Козлов,Мирон,Демидович,825599,1973-08-30,Архангельск
3320234,Попова,Нина,Михайловна,868072,1976-01-30,Котлас
3320816,Матвеев,Константин,Данилович,815148,1956-09-19,Кумертау
3340564,Анисимова,Таисия,Алексеевна,844927,1990-07-23,Солнечногорск
3344608,Никитина,Маргарита,Ивановна,882392,1999-04-20,Армавир
3348290,Рыбаков,Максим,Петрович,862400,1967-07-17,Якутск
3352639,Панков,Егор,Антонович,817343,1981-12-15,Лиски
3363037,Макарова,Анна,Ивановна,839632,1990-01-10,Новочебоксарск
3390627,Зуев,Максим,Владиславович,890081,1985-11-19,Заречный
3423229,Кириллов,Юрий,Александрович,888840,1989-06-15,Артем
3439255,Бирюков,Тимофей,Константинович,894261,1955-03-16,Ступино
3453181,Филимонов,Лев,Владимирович,856893,2003-04-16,Петрозаводск
3488569,Федотова,Кира,Арсентьевна,841276,1977-01-08,Тула
3508936,Латышев,Всеволод,Кириллович,854761,1945-08-09,Кропоткин
3581230,Трифонова,Александра,Артёмовна,859478,2002-10-27,Бузулук
3591982,Ларионов,Фёдор,Евгеньевич,848205,1952-02-04,Искитим
3602877,Соколов,Павел,Матвеевич,812879,1952-11-06,Сибай
3603634,Пономарева,Арина,Игоревна,829711,1940-11-20,Соликамск
3656851,Иванова,Мария,Никитична,838649,1943-06-02,Ейск
3656857,Афанасьева,Ульяна,Марковна,807904,1973-07-23,Долгопрудный
3669675,Макаров,Артём,Богданович,885810,1975-05-06,Симферополь
3699199,Емельянов,Марк,Фёдорович,897176,1991-05-19,Сыктывкар
3704618,Мартынова,София,Львовна,899096,1968-07-29,Туймазы
3730827,Иванова,Екатерина,Адамовна,898415,1964-06-20,Лабинск
3744940,Давыдов,Денис,Матвеевич,854404,1949-06-06,Славянск-на-Кубани
3847672,Волков,Михаил,Арсентьевич,852226,1977-04-10,Миасс
3863105,Чистяков,Артём,Фёдорович,882946,1941-01-27,Назарово
3881923,Пономарев,Борис,Фёдорович,881888,1988-07-23,Свободный
3892795,Зиновьев,Никита,Кириллович,854485,1997-10-05,Белогорск (Амурская область)
3896175,Дроздов,Демьян,Андреевич,829718,1991-11-17,Кисловодск
3896308,Калмыкова,Анна,Романовна,871977,1966-11-21,Узловая
3933211,Козлова,Арина,Яромировна,824371,1979-10-15,Новочеркасск
3973617,Воронцов,Алексей,Тимофеевич,836482,1999-03-31,Урус-Мартан
4036724,Николаев,Кирилл,Ярославович,830538,2003-07-16,Шахты
4037291,Грачев,Евгений,Савельевич,873599,1946-02-21,Тимашевск
4061505,Архипов,Михаил,Иванович,880416,1971-07-01,Новоалтайск
4090948,Постникова,Анна,Андреевна,863488,1980-01-14,Салават
4104376,Кузьмина,Анастасия,Львовна,895895,1959-01-20,Сочи
4104890,Уваров,Иван,Максимович,824591,1989-12-15,Пятигорск
4141232,Тарасова,Алина,Тимуровна,817855,2002-12-12,Клинцы
4147721,Смирнов,Максим,Даниилович,812132,1952-01-29,Буденновск
4147806,Журавлев,Максим,Кириллович,844605,1989-08-18,Благовещенск (Амурская область)
4161982,Ильин,Дмитрий,Александрович,855925,1996-07-01,Майкоп
4180347,Денисов,Али,Матвеевич,858093,1985-08-11,Армавир
4189625,Егорова,Елизавета,Демидовна,894030,1990-05-21,Сызрань
4200162,Симонов,Степан,Матвеевич,814856,1947-09-02,Елец
4244509,Михеева,Мария,Ивановна,830279,1980-07-30,Урус-Мартан
4259101,Дементьев,Степан,Максимович,806349,1995-11-29,Воронеж
4296424,Вешнякова,Дарья,Данииловна,892102,1983-06-14,Щекино
4334962,Николаева,Кристина,Владимировна,866377,1956-09-27,Жигулевск
4348302,Нестерова,Елизавета,Александровна,830259,1977-07-11,Воронеж
4350633,Кулакова,Диана,Фёдоровна,825977,2001-02-22,Владимир
4374148,Быкова,Алиса,Кирилловна,896533,1972-05-01,Воткинск
4376295,Мельникова,Ника,Ярославовна,822405,1973-05-24,Саратов
4378452,Калашников,Платон,Леонидович,835824,1980-11-03,Биробиджан
4398096,Балашова,Маргарита,Лукинична,872182,1961-08-19,Фрязино
4429780,Гордеева,Лейла,Романовна,879059,1993-12-16,Королев
4438991,Лобанова,Алия,Ивановна,863547,1951-07-15,Братск
4451659,Васильев,Артём,Артёмович,830842,1993-03-27,Первоуральск
4470621,Ефремова,Анастасия,Артёмовна,837337,1977-10-20,Лысьва
4494818,Абрамова,Ангелина,Вячеславовна,879367,1944-11-28,Смоленск
4498799,Яковлев,Георгий,Денисович,843679,1966-08-15,Череповец
4534342,Овчинникова,Майя,Матвеевна,815366,2002-09-25,Волгодонск
4536632,Воробьев,Сергей,Никитич,805059,1985-04-03,Канск
4536683,Маслов,Георгий,Артемьевич,848506,1975-12-02,Сургут
4557282,Кузнецова,Евгения,Егоровна,846055,1983-02-27,Зеленогорск
4564013,Поляков,Фёдор,Сергеевич,885464,1952-09-01,Москва
4565766,Аксенов,Богдан,Александрович,892170,1982-08-23,Копейск
4617094,Свешников,Артур,Романович,825970,1999-02-26,Вольск
4630878,Рыбаков,Яков,Алексеевич,884481,1989-09-10,Юрга
4631776,Федотов,Денис,Максимович,882780,1987-08-28,Анжеро-Судженск
4641043,Яшин,Михаил,Фёдорович,844521,2000-09-30,Анжеро-Судженск
4645602,Ларина,Екатерина,Артёмовна,856365,1941-07-10,Феодосия
4659372,Ильин,Никита,Кириллович,852425,1985-06-30,Елабуга
4683435,Фролова,Ева,Ильинична,879450,1990-08-19,Электросталь
4687080,Коровина,Милана,Ивановна,881356,1948-05-21,Ессентуки
4713578,Павлов,Кирилл,Артурович,833755,1971-11-17,Ханты-Мансийск
4738182,Скворцова,Алина,Михайловна,881281,1981-08-03,Тимашевск
4748490,Авдеева,Екатерина,Григорьевна,879769,1985-09-16,Губкин
4773017,Крылова,Василиса,Дмитриевна,896315,1989-05-13,Бийск
4775564,Семенов,Даниил,Иванович,893303,1940-08-19,Чита
4808420,Беляева,Варвара,Максимовна,858457,2001-01-12,Назрань
4812043,Жукова,Вера,Львовна,844628,2002-07-18,Щелково
4812339,Зайцева,Виктория,Елисеевна,806175,1951-12-13,Псков
4814995,Зотова,Ксения,Данииловна,807413,2000-12-01,Чайковский
4818421,Кондратьева,Алёна,Дмитриевна,804932,1961-06-11,Елец
4834931,Быков,Георгий,Максимович,829150,1973-11-05,Камышин
4906435,Зайцев,Владимир,Викторович,871785,1969-03-13,Тамбов
4909710,Петров,Сергей,Матвеевич,820699,1986-01-17,Арсеньев
4947863,Сухарева,Вероника,Германовна,830734,1957-03-17,Пенза
4948747,Ковалев,Михаил,Владимирович,820826,1968-03-23,Балашиха
4951223,Андреев,Михаил,Глебович,800533,1999-04-22,Уссурийск
4954842,Михайлов,Максим,Никитич,871664,1948-03-15,Ишимбай
4963142,Пахомова,Вера,Ярославовна,890598,1948-11-08,Иваново
4964488,Комарова,Василиса,Матвеевна,821573,1970-04-06,Сосновый Бор
4966258,Сорокин,Георгий,Артемьевич,825915,1963-09-05,Новый Уренгой
4997613,Князева,Милана,Германовна,802927,1950-12-23,Барнаул
5001580,Попов,Сергей,Артёмович,813933,1970-04-23,Сосновый Бор
5025416,Кудряшова,Ксения,Александровна,811362,1983-06-01,Невинномысск
5031080,Мухина,Анастасия,Давидовна,893902,1949-06-15,Старый Оскол
5070558,Степанов,Владимир,Макарович,896113,1952-05-23,Туапсе
5122784,Спиридонов,Артём,Георгиевич,848021,1980-08-11,Хабаровск
5126609,Попов,Иван,Константинович,877772,1995-10-14,Дзержинск
5132474,Ефимова,Ксения,Владимировна,850082,1981-04-21,Донской
5178045,Зубова,Маргарита,Михайловна,875375,1966-12-29,Донской
5186556,Ермилова,Дарья,Андреевна,862106,1976-12-18,Каменск-Шахтинский
5199655,Коротков,Максим,Маркович,829272,1982-06-15,Санкт-Петербург
5202940,Крылов,Родион,Вячеславович,829859,1985-04-06,Свободный
5277103,Петрова,Майя,Данииловна,818216,1984-12-08,Азов
5287635,Прохорова,Мадина,Константиновна,830143,1969-06-05,Воркута
5327818,Кочергин,Максим,Билалович,875180,1997-11-07,Кирово-Чепецк
5348771,Гордеев,Матвей,Артёмович,819502,1980-02-28,Тамбов
5355222,Серов,Роман,Маркович,863584,1986-03-29,Нижний Тагил
5385017,Никифоров,Матвей,Даниилович,839434,1974-02-09,Кунгур
5430901,Казаков,Илья,Ярославович,870401,2001-01-02,Дербент
5511796,Ефимов,Алексей,Александрович,880847,1949-04-24,Ноябрьск
5533413,Козлов,Иван,Артёмович,861484,1993-10-05,Железногорск (Курская область)
5603214,Андреев,Михаил,Ильич,805672,1955-10-05,Димитровград
5605913,Карасев,Матвей,Матвеевич,894652,1944-05-29,Буйнакск
5635923,Левина,Софья,Игоревна,813510,1991-06-24,Александров
5665531,Морозова,Анна,Арсентьевна,847171,1967-02-13,Нягань
5678004,Сорокина,Анна,Матвеевна,851671,1998-11-12,Егорьевск
5684078,Рыбаков,Макар,Дамирович,879689,1994-11-13,Смоленск
5755341,Моисеев,Дмитрий,Даниэльевич,868489,1986-09-03,Избербаш
5761311,Захарова,Валентина,Евгеньевна,834166,1991-03-13,Павлово
5852935,Самсонова,Мелания,Тимуровна,890805,1950-03-10,Выкса
5875923,Мальцева,Варвара,Артуровна,878262,2000-06-11,Дубна
5893207,Жукова,Мария,Ярославовна,884453,1963-01-26,Горно-Алтайск
5907832,Сафонов,Константин,Давидович,894284,1966-07-26,Анапа
5908034,Демидов,Дмитрий,Михайлович,861957,1999-05-24,Чехов
5932958,Леонтьев,Максим,Михайлович,846394,1986-08-29,Волгоград
5937818,Алексеев,Даниил,Константинович,843284,1944-11-22,Ногинск
5955589,Яковлев,Виктор,Вадимович,815782,1975-08-18,Уфа
5955822,Орлов,Фёдор,Иванович,850213,1967-01-07,Калининград
5980316,Козлов,Кирилл,Егорович,852898,1997-08-02,Ульяновск
5981398,Богомолов,Степан,Павлович,824814,1985-11-20,Балахна
6022622,Федорова,Олеся,Георгиевна,872364,1951-05-06,Красноярск
6043995,Васильева,Варвара,Матвеевна,872921,1984-03-24,Пушкино
6071307,Березин,Даниэль,Ильич,873734,1960-07-17,Выборг
6075539,Федоров,Андрей,Эрикович,826237,1983-06-10,Дзержинск
6080668,Тимофеев,Арсений,Александрович,830505,1996-01-24,Выборг
6086732,Широков,Савелий,Марсельевич,860337,1983-04-20,Новотроицк
6109375,Иванова,Алиса,Львовна,831292,1942-12-08,Новокузнецк
6118259,Филатов,Дмитрий,Константинович,882248,1942-02-12,Глазов
6139190,Коновалов,Дмитрий,Миронович,850425,1964-11-17,Арсеньев
6145504,Симонов,Игорь,Тимофеевич,849404,1942-04-26,Анапа
6173911,Данилова,Мария,Максимовна,838826,1993-05-01,Белово
6177237,Петухова,Фатима,Ивановна,895222,1946-07-26,Ялта
6235073,Щеглов,Иван,Матвеевич,844510,1972-07-15,Верхняя Пышма
6239636,Сидорова,Анастасия,Яновна,856834,1967-09-17,Лобня
6276862,Васильев,Максим,Макарович,842886,1948-04-22,Набережные Челны
6286907,Клюев,Матвей,Тимурович,830202,1961-09-03,Тихорецк
6319082,Басова,Виктория,Данииловна,849506,1950-09-16,Иркутск
6350976,Сидорова,Екатерина,Константиновна,806852,2001-03-07,Великие Луки
6358354,Горбунов,Георгий,Денисович,878616,1952-09-10,Гатчина
6370195,Михайлова,Анна,Мироновна,802180,1999-08-05,Тобольск
6371316,Калашникова,Валерия,Макаровна,807584,1996-11-03,Шахты
6397165,Злобина,Елизавета,Марковна,879722,1996-04-16,Хасавюрт
6408200,Андреева,Валерия,Олеговна,856462,1950-07-19,Горно-Алтайск
6510939,Александрова,София,Александровна,866634,1948-08-16,Шали
6515059,Макарова,Василиса,Фёдоровна,886495,1979-12-20,Белгород
6517519,Иванова,Ксения,Арсентьевна,877857,1969-10-02,Владивосток
6520695,Мальцева,Александра,Павловна,899331,1953-12-26,Великий Новгород
6550808,Потапов,Борис,Александрович,894022,1958-06-03,Наро-Фоминск
6583379,Фадеев,Михаил,Игоревич,898306,1973-07-26,Белебей
6615705,Зайцев,Степан,Дмитриевич,833789,1992-12-21,Шали
6680279,Васильев,Матвей,Иванович,830495,1977-10-16,Сальск
6680512,Волков,Роман,Даниилович,800022,1975-07-08,Серпухов
6729940,Дегтярев,Арсений,Иванович,875688,1969-05-19,Белореченск
6739793,Иванова,Кира,Ярославовна,862044,1971-11-14,Ачинск
6740090,Дорофеева,Арина,Мироновна,870508,1954-04-16,Георгиевск
6766988,Смирнов,Андрей,Максимович,832650,2003-05-29,Узловая
6803453,Еремина,Амелия,Михайловна,855390,1963-05-21,Белгород
6809972,Ермаков,Алексей,Петрович,819329,1977-09-25,Азов
6811586,Фомин,Максим,Александрович,857841,1984-03-27,Апатиты
6858906,Сазонов,Филипп,Михайлович,839619,1995-04-21,Подольск
6888217,Цветкова,Мия,Данииловна,808070,1949-02-23,Кемерово
6908036,Сухов,Артём,Георгиевич,803711,1943-11-16,Ярославль
6922838,Романов,Степан,Мирославович,847127,1985-05-27,Альметьевск
6929364,Макаров,Тимофей,Григорьевич,889847,1964-11-26,Мичуринск
6971132,Чернова,Антонина,Ярославовна,843588,2003-06-15,Сыктывкар
7000636,Никонова,Алиса,Денисовна,816943,1954-06-26,Абакан
7013402,Фирсова,Мария,Даниэльевна,848563,1947-04-05,Тобольск
7081465,Золотарев,Алексей,Савельевич,884761,1987-08-06,Сочи
7108795,Латышев,Богдан,Дмитриевич,884185,1951-09-17,Жигулевск
7130090,Хомякова,Анна,Александровна,811555,1963-04-07,Тверь
7141004,Гордеев,Илья,Максимович,854857,1992-07-01,Сибай
7146160,Зыкова,Анна,Максимовна,807927,2001-03-11,Сертолово
7147379,Константинова,Ксения,Данииловна,869826,1995-02-22,Уссурийск
7174299,Успенский,Дмитрий,Адамович,849903,1949-07-24,Улан-Удэ
7199090,Жуков,Сергей,Дмитриевич,844197,1979-11-22,Гуково
7244925,Мельников,Лев,Каримович,873243,1943-11-29,Воткинск
7253873,Русаков,Алексей,Артёмович,885450,1986-10-06,Ухта
7299432,Романова,Мария,Степановна,814000,1944-07-14,Зеленодольск
7321157,Ефимов,Матвей,Ильич,836988,1941-07-20,Челябинск
7340071,Давыдова,Полина,Ивановна,809142,1984-07-22,Оренбург
7349502,Федоров,Филипп,Миронович,861527,1944-02-22,Георгиевск
7352391,Раков,Даниил,Михайлович,822934,1957-07-21,Кузнецк
7375328,Калинина,Таисия,Ибрагимовна,883723,1946-03-09,Каспийск
7381334,Кузнецова,Алина,Тимофеевна,854553,1995-01-28,Ковров
7382995,Губанов,Иван,Артемьевич,854169,1960-01-26,Тверь
7397121,Скворцов,Александр,Глебович,832017,1998-07-28,Мурманск
7425572,Титов,Марк,Давидович,849155,1980-08-20,Геленджик
7431085,Горюнова,Алина,Владиславовна,813829,1956-11-12,Серпухов
7431664,Павлова,Юлия,Фёдоровна,810383,1989-01-31,Алексин
7486474,Волкова,Вера,Дмитриевна,846180,1964-06-06,Петропавловск-Камчатский
7522060,Попова,Мария,Романовна,862864,1942-11-24,Апатиты
7528079,Данилова,Виктория,Леонидовна,841877,1964-08-10,Боровичи
7571024,Губанова,Екатерина,Матвеевна,821848,1983-01-23,Великий Новгород
7586335,Васильева,Стефания,Денисовна,802301,1963-07-02,Красногорск
7601333,Яковлев,Денис,Денисович,897762,1973-10-14,Омск
7615686,Цветкова,Кира,Ярославовна,808535,1981-02-15,Белебей
7637780,Крылов,Егор,Андреевич,877936,1968-07-07,Сарапул
7664568,Герасимова,Екатерина,Евгеньевна,893519,1970-07-26,Биробиджан
7728365,Селиванова,Алёна,Ильинична,861118,1980-09-30,Северодвинск
7751030,Ефремов,Фёдор,Эмирович,877217,1941-03-02,Вологда
7757457,Петров,Кирилл,Олегович,866866,1976-12-23,Рязань
7760533,Семенова,Арина,Фёдоровна,871163,1998-06-28,Комсомольск-на-Амуре
7776169,Карташов,Леонид,Семёнович,850108,1976-11-26,Курган
7783672,Сергеев,Денис,Александрович,826216,2001-08-11,Ленинск-Кузнецкий
7796294,Суворов,Никита,Адамович,878748,1953-01-17,Хасавюрт
7803392,Фирсов,Вячеслав,Георгиевич,891345,1987-01-26,Березовский (Свердловская область)
7830975,Зверев,Даниил,Фёдорович,857414,1944-02-18,Магадан
7862603,Борисова,Екатерина,Максимовна,895596,1950-08-24,Гатчина
7864358,Николаев,Максим,Леонидович,802959,1991-07-29,Белогорск (Амурская область)
7946166,Старикова,Ангелина,Васильевна,829271,1942-03-05,Орехово-Зуево
7946810,Виноградов,Артём,Дмитриевич,800325,1940-05-01,Тихорецк
7964933,Носкова,Фатима,Георгиевна,884126,1952-01-31,Ступино
8016267,Фокин,Дмитрий,Родионович,854965,1985-08-27,Новокуйбышевск
8042250,Щербаков,Родион,Никитич,838597,1942-02-24,Дубна
8064579,Макеева,Вера,Артёмовна,850748,1973-02-07,Северск
8112662,Голиков,Александр,Максимович,814646,2000-11-05,Пермь
8131696,Трофимова,Арина,Дмитриевна,832849,1942-12-09,Арзамас
8157735,Михайлов,Матвей,Иванович,872749,1961-02-21,Волгодонск
8172912,Смирнов,Никита,Арсентьевич,816824,1996-09-22,Курск
8175869,Софронова,Алиса,Максимовна,805469,2001-12-27,Феодосия
8190145,Терехова,Ульяна,Андреевна,825690,1968-01-15,Астрахань
8195073,Вавилов,Григорий,Максимович,851333,1976-03-14,Новомосковск
8211030,Алексеев,Александр,Макарович,800773,1992-03-01,Асбест
8264228,Баранов,Святослав,Даниэльевич,897369,1963-08-28,Октябрьский
8283210,Баранов,Илья,Михайлович,841885,1972-09-03,Севастополь
8291592,Семенова,София,Никитична,800330,1952-03-16,Саров
8294970,Щукин,Павел,Глебович,831878,2000-04-25,Троицк
8317488,Некрасова,Полина,Сергеевна,848299,1957-07-07,Благовещенск (Амурская область)
8334540,Чернова,Ника,Матвеевна,861852,1977-04-07,Ухта
8343389,Тарасов,Максим,Георгиевич,898818,1942-12-28,Томск
8376874,Минин,Павел,Артёмович,899903,1999-10-18,Ивантеевка
8433372,Моисеева,Арина,Максимовна,853484,1969-11-12,Чебоксары
8442096,Козлова,Стефания,Платоновна,864609,1965-05-12,Краснокамск
8475573,Смирнова,Полина,Алексеевна,874583,1968-06-14,Казань
8494844,Котов,Евгений,Владимирович,806119,1959-04-18,Муром
8506018,Сорокин,Ибрагим,Арсентьевич,871510,1965-12-26,Клин
8513493,Голованова,Таисия,Матвеевна,815999,1982-08-04,Каменск-Уральский
8542490,Гончаров,Константин,Тимофеевич,839466,1949-12-31,Дмитров
8545580,Маслов,Григорий,Михайлович,889288,1982-11-30,Белово
8552253,Ефимова,Элина,Александровна,840377,1975-09-19,Старый Оскол
8568720,Королева,Полина,Никитична,854027,1994-03-22,Новосибирск
8591362,Мельникова,Сафия,Марковна,841792,1974-09-19,Череповец
8596601,Максимов,Руслан,Юрьевич,886563,1973-10-31,Зеленогорск
8628476,Матвеев,Алексей,Романович,812213,1972-07-19,Реутов
8647292,Климова,Мария,Ярославовна,887988,1959-03-11,Черемхово
8686227,Хохлов,Георгий,Владиславович,851932,1986-12-04,Жуковский
8701726,Гришин,Роман,Даниилович,848882,1991-09-24,Гуково
8731299,Рябов,Михаил,Львович,820874,1981-08-20,Геленджик
8760454,Андрианова,Алина,Львовна,861127,1960-10-09,Бердск
8765352,Алексеев,Филипп,Денисович,898705,1962-10-16,Прохладный
8788924,Соловьева,Валерия,Максимовна,846622,1995-09-25,Чита
8790076,Зверева,Ксения,Тимофеевна,880098,1996-02-17,Шадринск
8793286,Кузнецов,Роман,Максимович,885172,1983-05-10,Серов
8828130,Яковлева,Варвара,Тимофеевна,824234,1989-04-11,Чапаевск
8852823,Тихомирова,Полина,Кирилловна,841196,1978-03-26,Орел
8857342,Климов,Кирилл,Матвеевич,823644,1960-05-25,Павловский Посад
8860090,Лыков,Тимофей,Даниилович,838245,1970-08-18,Грозный
8887959,Филатова,Валерия,Борисовна,829581,1968-03-15,Чехов
8903079,Софронова,Дарья,Ильинична,879387,1989-02-07,Соликамск
8912688,Головина,Майя,Андреевна,827781,1982-02-09,Россошь
8919009,Котова,Александра,Александровна,868199,1977-07-23,Киров (Кировская область)
8929248,Петров,Иван,Александрович,868820,1968-04-07,Бор
8940788,Троицкая,Вероника,Владиславовна,826777,1971-05-11,Волжск
8966871,Соколов,Артём,Дмитриевич,814064,1975-11-10,Ялта
8979408,Голубева,Ева,Романовна,820419,1993-06-25,Балашиха
8987261,Соколов,Тихон,Львович,891657,2003-01-25,Ханты-Мансийск
9000964,Уткин,Владислав,Степанович,841763,1962-06-02,Находка
9020769,Беляев,Даниил,Дмитриевич,841176,1966-06-01,Тюмень
9022356,Быков,Михаил,Ярославович,805094,1980-07-02,Химки
9058381,Соколов,Юрий,Максимович,875430,1948-06-25,Вязьма
9090105,Орлов,Иван,Алиевич,807224,1982-02-09,Ейск
9156396,Зубков,Николай,Артурович,847554,1943-08-13,Липецк
9156814,Дубровина,Елизавета,Александровна,860021,2003-08-16,Белорецк
9168167,Кузнецов,Артём,Александрович,891581,1994-07-15,Чайковский
9171069,Семенова,Есения,Григорьевна,811811,1956-03-06,Домодедово
9266330,Алексеев,Михаил,Даниилович,839194,1946-08-10,Таганрог
9279399,Петров,Святослав,Максимович,869455,1984-02-03,Энгельс
9358854,Фадеева,Александра,Родионовна,887788,1957-04-19,Ачинск
9399964,Комиссаров,Лев,Даниилович,818919,1963-01-23,Глазов
9404247,Иванова,Варвара,Владимировна,834112,1992-09-16,Хабаровск
9420024,Терентьева,Мария,Артёмовна,894874,1973-02-27,Саранск
9444547,Соколова,Мария,Александровна,839257,1964-01-19,Егорьевск
9450891,Короткова,София,Игоревна,833679,1957-04-26,Новоуральск
9481903,Иванов,Иван,Арсентьевич,868666,1975-10-24,Ульяновск
9484200,Титова,Элина,Антоновна,858883,1943-11-06,Гусь-Хрустальный
9498683,Игнатов,Тимур,Александрович,817730,1950-06-08,Бузулук
9511373,Седова,Мирослава,Александровна,826333,2000-08-08,Новороссийск
9517861,Семенова,Валерия,Артёмовна,823228,1967-09-03,Арзамас
9525027,Антипова,Софья,Максимовна,821944,2000-08-05,Севастополь
9530444,Савельева,Агата,Макаровна,862343,1993-11-09,Краснокаменск
9552296,Михайлова,Валентина,Захаровна,875069,1998-03-05,Астрахань
9565866,Фадеева,Кристина,Александровна,827340,1940-05-11,Алексин
9568232,Беляева,Ульяна,Михайловна,850089,1970-03-19,Элиста
9586314,Пирогова,Мария,Георгиевна,802330,1940-01-01,Славянск-на-Кубани
9589575,Марков,Тимофей,Антонович,809545,1962-08-27,Серов
9599952,Денисова,Таисия,Руслановна,883759,1976-06-04,Междуреченск
9603222,Лапшина,Полина,Матвеевна,801104,1999-02-27,Екатеринбург
9622792,Воронов,Илья,Дмитриевич,843545,1951-02-06,Белорецк
9629081,Матвеев,Михаил,Фёдорович,851737,1972-02-02,Улан-Удэ
9671215,Латышева,Каролина,Никитична,893558,1989-04-12,Химки
9685194,Васильева,Виктория,Егоровна,814128,1992-02-20,Норильск
9700458,Назарова,Виктория,Романовна,845882,1964-10-12,Нерюнгри
9767097,Яковлев,Никита,Всеволодович,829362,1958-03-29,Якутск
9785684,Белякова,Анастасия,Данииловна,827010,1946-06-19,Ижевск
9841596,Данилов,Марк,Егорович,884068,1953-05-07,Шуя
9841663,Колесников,Савелий,Всеволодович,885860,1993-11-16,Орск
9849164,Пименов,Всеволод,Маркович,820460,1962-12-07,Нижнекамск
9851599,Полякова,Ксения,Романовна,898467,1980-07-14,Тольятти
9858259,Наумова,София,Марковна,879097,1995-10-02,Прокопьевск
9859117,Суворова,Вероника,Владиславовна,833743,1942-06-10,Крымск
9863167,Блохина,Анна,Ильинична,821446,2002-04-21,Губкин
9871721,Гусев,Давид,Семёнович,831637,1988-06-11,Воскресенск
9941395,Федорова,Виктория,Антоновна,848470,1996-07-13,Тихвин
9949746,Горбунов,Георгий,Артёмович,808154,2001-02-17,Магнитогорск
9955675,Иванова,Лейла,Данииловна,899862,1947-11-04,Владивосток
9963256,Федоров,Илья,Дмитриевич,814294,1967-02-13,Батайск
9963365,Воронин,Владимир,Максимович,877129,1972-09-24,Великие Луки
9970004,Иванова,Вероника,Ивановна,863942,1950-08-01,Боровичи
9978715,Еремина,Арина,Михайловна,813434,1988-02-03,Троицк
9983236,Николаев,Алексей,Тимофеевич,820237,1966-01-09,Буйнакск
9986695,Наумова,Мелисса,Степановна,857582,1950-06-27,Нефтекамск
